"LoginId";"Email";"Password"
1001;"8345114117@eparkingrx.pl";"L_OJ0Y\GW?"
1002;"8231779211@eparkingrx.pl";":xm5Il<3vn"
1003;"9622879316@eparkingrx.pl";"CHQ:e=hAPI"
1004;"9687695086@eparkingrx.pl";"qR185Dai5f"
1005;"9519229065@eparkingrx.pl";"fogdJcfG[Z"
1006;"9962226416@eparkingrx.pl";"]Fx5d[LoPI"
1007;"8751019707@eparkingrx.pl";"lFwXyZ4]Ie"
1008;"8354731594@eparkingrx.pl";"yG3EphPUBy"
1009;"8841694801@eparkingrx.pl";"3e>IJB1f1B"
1010;"8322435038@eparkingrx.pl";"aD2qKrJdGN"
1011;"8045115225@eparkingrx.pl";":wJPCq=eY_"
1012;"9378050748@eparkingrx.pl";"qUcDFh:hwv"
1013;"8640765939@eparkingrx.pl";"3_1MVhiJS\"
1014;"8576683621@eparkingrx.pl";"KbLFt]>AF="
1015;"9759273622@eparkingrx.pl";"j^uaLdGHXi"
1016;"8374412379@eparkingrx.pl";"_W:m\G1x`n"
1017;"9854376927@eparkingrx.pl";"?^[lJ13?FW"
1018;"9446302664@eparkingrx.pl";"sPdXpVw`j1"
1019;"9563986713@eparkingrx.pl";">M8TuETSGk"
1020;"9293589176@eparkingrx.pl";"ES8YYA/vQP"
1021;"8967004772@eparkingrx.pl";"Q056ounoLO"
1022;"8220130142@eparkingrx.pl";"H3V5:[07^v"
1023;"9030409638@eparkingrx.pl";"6?NQ6<cCGT"
1024;"9096140049@eparkingrx.pl";"r8/oietEjt"
1025;"8366019963@eparkingrx.pl";"<@_<bgQwwv"
1026;"8694599916@eparkingrx.pl";">kmu3_Xnk:"
1027;"9031872735@eparkingrx.pl";"i0>o0SZ1i4"
1028;"8631003144@eparkingrx.pl";"W^9:hC8/_@"
1029;"8871439113@eparkingrx.pl";"VtLh=AC[y6"
1030;"8584866417@eparkingrx.pl";"N`8^H9i/3g"
1031;"8903850738@eparkingrx.pl";"yRovWEn^fW"
1032;"9946490934@eparkingrx.pl";"9Y2EJk427X"
1033;"8309832195@eparkingrx.pl";"R0ZswC_W1H"
1034;"9235712730@eparkingrx.pl";">Rl59\U=W<"
1035;"8606394940@eparkingrx.pl";"cMiFr/kMPU"
1036;"8693202199@eparkingrx.pl";"CyqvaIYZRl"
1037;"8745795766@eparkingrx.pl";"2/qt2G\>bx"
1038;"8484191368@eparkingrx.pl";"wfrxwMh0jD"
1039;"9064742861@eparkingrx.pl";"b32k_58t;x"
1040;"8608115452@eparkingrx.pl";"f8MeT=peP\"
1041;"8751141761@eparkingrx.pl";"KqB`ONmTn>"
1042;"9533307958@eparkingrx.pl";"pzb;Ix97q5"
1043;"9629764432@eparkingrx.pl";"Jh8UWU^OX2"
1044;"9385154810@eparkingrx.pl";"SPd`\EvYG?"
1045;"9679786623@eparkingrx.pl";"0yaYCt\\fs"
1046;"8039352701@eparkingrx.pl";"5Yk/o\tk8<"
1047;"9581109429@eparkingrx.pl";"r^F7M4xg/g"
1048;"9941678194@eparkingrx.pl";"r=J3HeBb6["
1049;"9310917050@eparkingrx.pl";"HClyeDR]P]"
1050;"9079916635@eparkingrx.pl";"ZuyY9eLg9Z"
1051;"8064970868@eparkingrx.pl";"EyqkD;jE2e"
1052;"9241215410@eparkingrx.pl";"N=iPgOHyqJ"
1053;"8593200867@eparkingrx.pl";"`87>8rX;h<"
1054;"8535494442@eparkingrx.pl";">q?ZQd0Snd"
1055;"9206797657@eparkingrx.pl";"j]Nmp0j380"
1056;"8816025106@eparkingrx.pl";"?3hPdPLfQx"
1057;"8135592178@eparkingrx.pl";"x3@MVUzIbr"
1058;"8693796760@eparkingrx.pl";"@Sr_vH6::E"
1059;"8263494407@eparkingrx.pl";"Ni@qnWEzzm"
1060;"9823425722@eparkingrx.pl";"@P/Q9<bX<U"
1061;"8880922621@eparkingrx.pl";";_MT>VgZ/e"
1062;"9490629476@eparkingrx.pl";"KA/[cx]1gG"
1063;"9959299152@eparkingrx.pl";"Np\LVdxkj6"
1064;"8099751333@eparkingrx.pl";"rDgu49l>`P"
1065;"8080584093@eparkingrx.pl";"sxLYI]ejMI"
1066;"8752229722@eparkingrx.pl";"uJ5o3rFT^6"
1067;"9471982264@eparkingrx.pl";"[gpv/k7s1j"
1068;"9086948869@eparkingrx.pl";"d380Cp_=C9"
1069;"9256335631@eparkingrx.pl";"M9z`[0q:VZ"
1070;"8191063613@eparkingrx.pl";"7^FD[;\NyF"
1071;"8796513926@eparkingrx.pl";"7QbmB5opP7"
1072;"9942812305@eparkingrx.pl";"=TORa/KwrI"
1073;"9941128119@eparkingrx.pl";"`um@ttO4ep"
1074;"8042202267@eparkingrx.pl";"zPgL6^YM4S"
1075;"9246745335@eparkingrx.pl";"yRBL69A[<D"
1076;"9468062555@eparkingrx.pl";"\`4A6KLR>L"
1077;"8266506221@eparkingrx.pl";"bSXwJCjxtW"
1078;"8445080420@eparkingrx.pl";"_ZX\MJ`E51"
1079;"9547753091@eparkingrx.pl";"nl9dvOkX@]"
1080;"8411797753@eparkingrx.pl";"UhB6D76`V7"
1081;"8871530898@eparkingrx.pl";"8]H^H2bvjR"
1082;"9103859216@eparkingrx.pl";"rBDlsjTh45"
1083;"8776113225@eparkingrx.pl";"B3XD?A5:B]"
1084;"9414728933@eparkingrx.pl";"0OG1nEbzV3"
1085;"8517861669@eparkingrx.pl";"hG=lv8hA9N"
1086;"8483086037@eparkingrx.pl";"@B_fz?tLRH"
1087;"9308622123@eparkingrx.pl";"2w=4hG:ChE"
1088;"8113224954@eparkingrx.pl";"]MHV:Xh@xq"
1089;"8342160574@eparkingrx.pl";"Gk27Y6Ugw6"
1090;"9948975803@eparkingrx.pl";"U7n2JYrVj9"
1091;"9484929024@eparkingrx.pl";"l>4W18qFsR"
1092;"8936446527@eparkingrx.pl";"B[[qZZ5WGa"
1093;"9296808033@eparkingrx.pl";":NZrfL7r4h"
1094;"8799360718@eparkingrx.pl";"43ihv[V/o_"
1095;"9840812474@eparkingrx.pl";"FWwczY?;pn"
1096;"8665258624@eparkingrx.pl";"3`S?Bskf7c"
1097;"9026791309@eparkingrx.pl";"8Q<=k`B1YE"
1098;"8529945485@eparkingrx.pl";"xZN;YOcPu3"
1099;"9368573967@eparkingrx.pl";"StKYNVs;i:"
1100;"9529915639@eparkingrx.pl";"G;FzyqfeD5"
1101;"9738008046@eparkingrx.pl";"EqzKtnL2/e"
1102;"8778790294@eparkingrx.pl";"K8J@JOQ=Ir"
1103;"9820886509@eparkingrx.pl";"ef6@a6;ReY"
1104;"9762566084@eparkingrx.pl";"8d=K7dLhSn"
1105;"9174000762@eparkingrx.pl";"f]CG<sFtjv"
1106;"8951221949@eparkingrx.pl";"8wslvvOYVE"
1107;"9612911680@eparkingrx.pl";"Q6_FD?9t9G"
1108;"8991270647@eparkingrx.pl";"H5Mpbnlnt3"
1109;"8730308348@eparkingrx.pl";"EM?Pfn1cF3"
1110;"8776308596@eparkingrx.pl";"MT@`]QF4WC"
1111;"9479468803@eparkingrx.pl";"hOw:PIwj5K"
1112;"8920904448@eparkingrx.pl";"4fW\V1>8NZ"
1113;"9643906779@eparkingrx.pl";"Sj9]`XB31g"
1114;"8103285267@eparkingrx.pl";"R\S<eG:4ir"
1115;"8154713326@eparkingrx.pl";"Tc[VRyA8so"
1116;"8577132097@eparkingrx.pl";"cciqzx4>\="
1117;"8589055473@eparkingrx.pl";"`gzEHOn<v1"
1118;"9133848326@eparkingrx.pl";"tgL3rsSC>V"
1119;"8017540211@eparkingrx.pl";"TxxIZcQm/l"
1120;"8200251101@eparkingrx.pl";"M5LbMp=Xz:"
1121;"8911974448@eparkingrx.pl";"=W2pK9t@9_"
1122;"9019462656@eparkingrx.pl";"Ee1xYwOMmB"
1123;"9874162763@eparkingrx.pl";"akPyNx49<U"
1124;"9852904944@eparkingrx.pl";"U;^eT]m?zs"
1125;"9998968493@eparkingrx.pl";"nYxzdQ=VFM"
1126;"8753826817@eparkingrx.pl";"tgkJLeZNg8"
1127;"9651290697@eparkingrx.pl";"1_4nc3F2Q2"
1128;"8984321846@eparkingrx.pl";"sL]Sbx;=xV"
1129;"9581622753@eparkingrx.pl";"0<a=?tk_Nf"
1130;"8635646557@eparkingrx.pl";"^DRL6XnIP<"
1131;"9940160491@eparkingrx.pl";"68^u]02lZ="
1132;"8170535352@eparkingrx.pl";"4<3WT;`tm8"
1133;"8527032369@eparkingrx.pl";"5/NxR4wukk"
1134;"9136369544@eparkingrx.pl";"ls]iI;=g07"
1135;"8097895091@eparkingrx.pl";"OAple_gC=x"
1136;"9024315383@eparkingrx.pl";"PlYjK1KBKU"
1137;"9127903954@eparkingrx.pl";"QMOeQKWy2h"
1138;"9887437741@eparkingrx.pl";"Pr[W26QKVz"
1139;"8783948599@eparkingrx.pl";"2yjHjrw9zl"
1140;"8474126313@eparkingrx.pl";"N6;uNaIM51"
1141;"8617784371@eparkingrx.pl";"NC<3SEIw>k"
1142;"8163972841@eparkingrx.pl";"0?DwK3NJBv"
1143;"8166852123@eparkingrx.pl";"Orj3I/OKfg"
1144;"9135351119@eparkingrx.pl";";hI@qD/t2w"
1145;"8676034296@eparkingrx.pl";"I7?LZr8EET"
1146;"8173842497@eparkingrx.pl";"P8keFb?mQo"
1147;"9735067435@eparkingrx.pl";"m;??4X94n3"
1148;"9209830033@eparkingrx.pl";"wPxad<MecZ"
1149;"8708301859@eparkingrx.pl";"4s<]JUtvu8"
1150;"9068812413@eparkingrx.pl";"/RVuD2CntB"
1151;"8660280364@eparkingrx.pl";"9y8>1]WHVh"
1152;"9465959651@eparkingrx.pl";"6]8rr937P>"
1153;"8108353520@eparkingrx.pl";"tXHs]D3K=T"
1154;"8527172306@eparkingrx.pl";"[sntMTqq^k"
1155;"8654724921@eparkingrx.pl";"0`7Pc2S=`G"
1156;"9270916847@eparkingrx.pl";"Kb@F3Bgz3N"
1157;"9363202366@eparkingrx.pl";"oXT3zPH7D?"
1158;"8950738707@eparkingrx.pl";"_QKL4Qf_zo"
1159;"9859182876@eparkingrx.pl";"0pHw3jzavl"
1160;"8474172101@eparkingrx.pl";"4yPxRrWN:5"
1161;"9598132775@eparkingrx.pl";"/xD5WF2IO_"
1162;"8695484003@eparkingrx.pl";"xJ6Q2ENvU1"
1163;"8286108951@eparkingrx.pl";"q:<veUHr4g"
1164;"8920012955@eparkingrx.pl";"n3p9kEa1D@"
1165;"9889728724@eparkingrx.pl";"\T<n6<J4jW"
1166;"9606043227@eparkingrx.pl";"JwSoM4BKc7"
1167;"8254520066@eparkingrx.pl";"WN5LMw@TLv"
1168;"8320428506@eparkingrx.pl";"\656J4T_`f"
1169;"8551935967@eparkingrx.pl";"GTGP203Fl1"
1170;"9447308077@eparkingrx.pl";"=j:@aZnL=C"
1171;"8010772436@eparkingrx.pl";"X9X]mk7ODI"
1172;"8886256518@eparkingrx.pl";"Moyio>fylV"
1173;"8292381852@eparkingrx.pl";"sW^JQuC>Ug"
1174;"8235396520@eparkingrx.pl";"1FBKfP;r;u"
1175;"8382443066@eparkingrx.pl";"IMBp/?E/O["
1176;"9760409521@eparkingrx.pl";"]FVh^YckD]"
1177;"8101962453@eparkingrx.pl";";J^4VzEMXO"
1178;"9367773390@eparkingrx.pl";"2q^El6wBRZ"
1179;"9827387836@eparkingrx.pl";"^3W:JZ4bi>"
1180;"8800380651@eparkingrx.pl";"gpGfZJkQW]"
1181;"8782358799@eparkingrx.pl";"WQhGQV6zx8"
1182;"9099198747@eparkingrx.pl";"9C29a=GCN_"
1183;"8655991540@eparkingrx.pl";"jI11Wjhmk?"
1184;"9263619999@eparkingrx.pl";"RLxDSsE:=6"
1185;"9637621441@eparkingrx.pl";"qF/ANK0CK1"
1186;"9696138269@eparkingrx.pl";"/XH1Xdk`bQ"
1187;"9576420469@eparkingrx.pl";"jW9Rp2?hWP"
1188;"8447493584@eparkingrx.pl";"Pio0a>Y<[]"
1189;"9444262048@eparkingrx.pl";"ivJ`q:eX:Z"
1190;"9927138821@eparkingrx.pl";"bbo5mJ?uSq"
1191;"9950557778@eparkingrx.pl";"_D<7]Rgn3k"
1192;"9510985519@eparkingrx.pl";"[IeNdBD]X7"
1193;"8769650079@eparkingrx.pl";"/UZ<l7EWT\"
1194;"9440331423@eparkingrx.pl";";ApS=3h_^^"
1195;"8087875038@eparkingrx.pl";"zhG>@2/kEK"
1196;"8025609206@eparkingrx.pl";";hnN?z5FQN"
1197;"9655442616@eparkingrx.pl";"NQnIedAr1x"
1198;"8932523068@eparkingrx.pl";"z1E`KD4\:x"
1199;"8519056407@eparkingrx.pl";"`k[Rl0^xi5"
1200;"9155462983@eparkingrx.pl";"Jv=ne[@AUF"
1201;"9882785126@eparkingrx.pl";"KauHBU3uO["
1202;"8118969249@eparkingrx.pl";"1PiAJ=`tc?"
1203;"8632047788@eparkingrx.pl";"K2^oq>L`nO"
1204;"8860884663@eparkingrx.pl";"Qap2NJjXh\"
1205;"9224560029@eparkingrx.pl";"bKQpNEN<bZ"
1206;"8405884743@eparkingrx.pl";"Gml/_?qeZ1"
1207;"8511259873@eparkingrx.pl";"tFcKVA3ZO\"
1208;"8916311588@eparkingrx.pl";"tvtr1l1zX\"
1209;"8340362249@eparkingrx.pl";"ESOBUiYsi^"
1210;"9952326184@eparkingrx.pl";"lZ9XhI1>A`"
1211;"8043253178@eparkingrx.pl";"iif/WYpEO/"
1212;"9076412306@eparkingrx.pl";"X38jnGk]nc"
1213;"8092212699@eparkingrx.pl";"2`orb79w`Y"
1214;"8293035942@eparkingrx.pl";"Qy8e@YqJ?P"
1215;"9148979070@eparkingrx.pl";"kRA5A9dWd6"
1216;"8498100065@eparkingrx.pl";"VmlS<zo9<T"
1217;"9651064502@eparkingrx.pl";"1oqm[jqFz2"
1218;"9794450154@eparkingrx.pl";"M]DzOxWvzu"
1219;"8541269114@eparkingrx.pl";"VnOia9>MSx"
1220;"9028033014@eparkingrx.pl";"44^t2]/WFf"
1221;"8179628772@eparkingrx.pl";"YADHpVes9_"
1222;"8517263887@eparkingrx.pl";"6BhsV5z=AF"
1223;"8398435522@eparkingrx.pl";"iAMuEFJtCp"
1224;"8010566702@eparkingrx.pl";";`s_iYHHOv"
1225;"9632848132@eparkingrx.pl";"Nd0;[7CORz"
1226;"8445429107@eparkingrx.pl";"?p@Z/CLzK>"
1227;"8185784338@eparkingrx.pl";"OG/bb4Xc;]"
1228;"8653175259@eparkingrx.pl";"]jScM1[ioT"
1229;"8383524140@eparkingrx.pl";"gBW:c^2M_i"
1230;"9435053018@eparkingrx.pl";"Rl_JEcj@bo"
1231;"8583942105@eparkingrx.pl";"rx=FOiTFJ0"
1232;"8836182076@eparkingrx.pl";"M`RfGYKKDq"
1233;"8274928340@eparkingrx.pl";"6ab7dK[`MW"
1234;"8236308181@eparkingrx.pl";"Y7Q3=<@IRx"
1235;"9348647067@eparkingrx.pl";"ox5Vi?H6f8"
1236;"9428178457@eparkingrx.pl";"fP/mrLYpR\"
1237;"9679548146@eparkingrx.pl";"?7wzy\DMJX"
1238;"8562347944@eparkingrx.pl";"Bx5D@/rsUR"
1239;"9883040319@eparkingrx.pl";"_HG2SgZGh@"
1240;"8576418781@eparkingrx.pl";"T@Hj6FAA0@"
1241;"8798169454@eparkingrx.pl";"rj0M^0cZ1T"
1242;"9028012754@eparkingrx.pl";"HrgGw=YJsw"
1243;"9686181206@eparkingrx.pl";"Baym[/]vwv"
1244;"8336578924@eparkingrx.pl";"kQ@raA1BsI"
1245;"9199467469@eparkingrx.pl";"SjuQ1V]<i@"
1246;"9012769473@eparkingrx.pl";"vP86\0Y/ec"
1247;"8310602548@eparkingrx.pl";"`vzdwR`xhP"
1248;"9682988587@eparkingrx.pl";"Xi[ASwTBh;"
1249;"9605112099@eparkingrx.pl";"hh=26xg\]n"
1250;"8757913877@eparkingrx.pl";"aV<eiKUwBz"
1251;"9040087287@eparkingrx.pl";"N8@KxB?J_q"
1252;"8477027927@eparkingrx.pl";"/X7QZvC?Ut"
1253;"9866597744@eparkingrx.pl";"EYe7J<dHk;"
1254;"9207385156@eparkingrx.pl";"XLr1[JShDj"
1255;"9720265557@eparkingrx.pl";"R1k<w]Exjx"
1256;"8790683231@eparkingrx.pl";"n=@A2]1xbu"
1257;"8249561848@eparkingrx.pl";"BSThCa0^?>"
1258;"8038168375@eparkingrx.pl";"\B`i\XJ:a0"
1259;"9439582074@eparkingrx.pl";"^C:Z7E5Ltf"
1260;"9446141347@eparkingrx.pl";"mRrQl?H9ZR"
1261;"9530335463@eparkingrx.pl";"Yg4f]D=Tha"
1262;"8222004478@eparkingrx.pl";"h=>ekFiT9/"
1263;"8410825080@eparkingrx.pl";"C@60lBqhi@"
1264;"8593515472@eparkingrx.pl";"TD:LG;q[K<"
1265;"9948191882@eparkingrx.pl";"B?yo0m[VkW"
1266;"9801115142@eparkingrx.pl";"\p9X@bDFSY"
1267;"9394990818@eparkingrx.pl";"kR3YOyTQFy"
1268;"8457798703@eparkingrx.pl";"w1X:;^aRzY"
1269;"8067076632@eparkingrx.pl";"42He\ny0A<"
1270;"8823307715@eparkingrx.pl";"<J^^p7KN/Z"
1271;"9982061894@eparkingrx.pl";"<:Z2]oe;9j"
1272;"9372501882@eparkingrx.pl";"@9^SAYPT;S"
1273;"9680140967@eparkingrx.pl";"pVeq_[bk05"
1274;"9672338979@eparkingrx.pl";"@NW109q^84"
1275;"8265075394@eparkingrx.pl";"s^`sp5GB?J"
1276;"8539743617@eparkingrx.pl";"DodR1t7pxk"
1277;"8957789030@eparkingrx.pl";"aq6V/0D2AH"
1278;"9063047514@eparkingrx.pl";"blu;mEOwbh"
1279;"9064827146@eparkingrx.pl";"IEU_Mq/Xpw"
1280;"9373527316@eparkingrx.pl";"qtNAd@y23V"
1281;"8968988904@eparkingrx.pl";"STvhJ[;1rg"
1282;"9008617526@eparkingrx.pl";"972/5Xi9Bz"
1283;"8764087594@eparkingrx.pl";">t3BQEE5xq"
1284;"9478717545@eparkingrx.pl";"K:`Hu>J^z6"
1285;"9193509647@eparkingrx.pl";"kqNlH0\S=E"
1286;"8515753875@eparkingrx.pl";"7_<\Bb`jp?"
1287;"9338242667@eparkingrx.pl";"X2cwwpNb:v"
1288;"9177731427@eparkingrx.pl";"DjcDuZayR>"
1289;"9607114069@eparkingrx.pl";"2]>9nB<Tdn"
1290;"8534021642@eparkingrx.pl";"2eTkFCwrcS"
1291;"8837289283@eparkingrx.pl";"bGGIpg3_>@"
1292;"8460789064@eparkingrx.pl";"P27oEWT[S4"
1293;"9340309696@eparkingrx.pl";"/Z]mRfPmQL"
1294;"8656413397@eparkingrx.pl";"=??3Bx060X"
1295;"9693784649@eparkingrx.pl";"yp?Ur4^?4M"
1296;"8032750366@eparkingrx.pl";"3Q:\8]SDAk"
1297;"8211054219@eparkingrx.pl";"NNfxy:`3Lq"
1298;"8808969444@eparkingrx.pl";"nK@s:_B4p9"
1299;"8509375634@eparkingrx.pl";"Kb^RPFZY7V"
1300;"9110697386@eparkingrx.pl";"AFNBsHJfg4"
1301;"8758597627@eparkingrx.pl";"qXeN<6;isR"
1302;"8994503058@eparkingrx.pl";"M5[@M=0Dos"
1303;"8971533325@eparkingrx.pl";"\C?^ASIl1V"
1304;"9554300034@eparkingrx.pl";"3vOcWU5TM^"
1305;"9354839072@eparkingrx.pl";"?nQCr:0C5@"
1306;"8718788405@eparkingrx.pl";"vIk1I>D[7^"
1307;"9072784070@eparkingrx.pl";"_SI21odDf/"
1308;"8561587170@eparkingrx.pl";"sQ]`[lTA;e"
1309;"9098534324@eparkingrx.pl";"Db@dioOt`S"
1310;"8781170387@eparkingrx.pl";"d=F/IGG8I6"
1311;"9183784449@eparkingrx.pl";"6>tCfJXWvv"
1312;"8552663252@eparkingrx.pl";"3W;ZbOeLlS"
1313;"9116518024@eparkingrx.pl";"SsExQ^SwNq"
1314;"8733696976@eparkingrx.pl";"TtQ6tN7V8J"
1315;"8590204511@eparkingrx.pl";"K1Kb;stQXz"
1316;"9738241832@eparkingrx.pl";"/_o]Vo\Y^Q"
1317;"9315151373@eparkingrx.pl";"neqd/r>LG6"
1318;"8648279090@eparkingrx.pl";"7x_DMHQnOj"
1319;"8044369193@eparkingrx.pl";"VH7pdJ0jq0"
1320;"8598594386@eparkingrx.pl";"51s32qusIm"
1321;"8432539372@eparkingrx.pl";"CBPZ4p6lj<"
1322;"8712185218@eparkingrx.pl";"rfALMe^s?5"
1323;"8654795187@eparkingrx.pl";"DswSxKB[Z7"
1324;"8395290797@eparkingrx.pl";";MqU0niZeL"
1325;"9976692550@eparkingrx.pl";"SEr2j_FzD9"
1326;"8381873561@eparkingrx.pl";"oaf5;uduqU"
1327;"9600337252@eparkingrx.pl";"JcSB2gs[pn"
1328;"9228874436@eparkingrx.pl";"@rPK^0TmCs"
1329;"9914370042@eparkingrx.pl";"3J?3F^cd1d"
1330;"9331383334@eparkingrx.pl";"Lm[Ru<TV]Z"
1331;"8943247573@eparkingrx.pl";"szLY6SWL=g"
1332;"8568928237@eparkingrx.pl";"0Q9dk7?kTx"
1333;"8426397527@eparkingrx.pl";"cz3yE0?O/>"
1334;"9062235043@eparkingrx.pl";"YcO;_Oqdds"
1335;"8542983187@eparkingrx.pl";"QQjazBV^oV"
1336;"9605390464@eparkingrx.pl";"?z6USoCxJB"
1337;"9719647226@eparkingrx.pl";"Y=?yH<WYnm"
1338;"8504925517@eparkingrx.pl";"ZluS1/YV_e"
1339;"9066450469@eparkingrx.pl";"FcOiQ=1l1B"
1340;"8708515988@eparkingrx.pl";"<fDjeFN\kw"
1341;"8869741342@eparkingrx.pl";"O_SOX=Z:dZ"
1342;"8026225831@eparkingrx.pl";"yVwR8prh>6"
1343;"8456247232@eparkingrx.pl";"Rsvn3QUnc4"
1344;"9560944918@eparkingrx.pl";"0Sfd4whTk5"
1345;"8710969920@eparkingrx.pl";"u<kR07aGuk"
1346;"9873044789@eparkingrx.pl";"FGYj_VzpV/"
1347;"9635838951@eparkingrx.pl";"d/2=qJ[<Pc"
1348;"8785539168@eparkingrx.pl";"fSc?B2T4;Q"
1349;"8120945295@eparkingrx.pl";"GKsLdja4W="
1350;"9267761352@eparkingrx.pl";"Oft4>qh<a@"
1351;"8143373411@eparkingrx.pl";"oLdb73:fhE"
1352;"9481556581@eparkingrx.pl";"vT<]tuCB>`"
1353;"8556302233@eparkingrx.pl";"r7IDz]U3>t"
1354;"9720504520@eparkingrx.pl";"2m5GV@C4az"
1355;"8623735713@eparkingrx.pl";"<B\S8u`nvq"
1356;"8850211790@eparkingrx.pl";"5dqa`LfHgx"
1357;"9500144300@eparkingrx.pl";"DiZFNP^Q6g"
1358;"8648908138@eparkingrx.pl";"v0OiF7bpva"
1359;"8660049319@eparkingrx.pl";"xQ4t]e7y`V"
1360;"9738081714@eparkingrx.pl";"OxQQzzfTMP"
1361;"8311164861@eparkingrx.pl";"q0K4@CcJ:m"
1362;"8988889213@eparkingrx.pl";"iWO8_ALw^H"
1363;"8702078003@eparkingrx.pl";"QoQPQTo/1Q"
1364;"9460011173@eparkingrx.pl";"=F5DK7zDVx"
1365;"8229107092@eparkingrx.pl";"po[jNNtkE?"
1366;"8728762578@eparkingrx.pl";"q9HY]Jjxu9"
1367;"8335766355@eparkingrx.pl";"M_OI7euC3K"
1368;"8465551413@eparkingrx.pl";"qfjdl_K<cO"
1369;"8906672558@eparkingrx.pl";"5i_:@Rvij["
1370;"9211307801@eparkingrx.pl";"_y\<s>dJLE"
1371;"9467069953@eparkingrx.pl";"K^bK]IBcPk"
1372;"9086525658@eparkingrx.pl";"oJJSkQS3xO"
1373;"9177043882@eparkingrx.pl";"3t0i2Z\l]l"
1374;"8917352359@eparkingrx.pl";"F7ZPx:x6Ea"
1375;"9053520909@eparkingrx.pl";"A6\TZ>q1pP"
1376;"9693368614@eparkingrx.pl";"NQeVTc81dO"
1377;"9722772419@eparkingrx.pl";"AM5u@65qbj"
1378;"8672222201@eparkingrx.pl";"d<MRwrPJ5c"
1379;"8231667041@eparkingrx.pl";"RMbEyuVl<e"
1380;"8989623945@eparkingrx.pl";"3bcO9kRY5S"
1381;"8536216732@eparkingrx.pl";"@JerRwyY>6"
1382;"9815313330@eparkingrx.pl";"u;ApgeY\]="
1383;"9150619081@eparkingrx.pl";"gNV[u]z<@V"
1384;"8827107388@eparkingrx.pl";"Up;wl[RPLc"
1385;"8649402750@eparkingrx.pl";"5Zc6xx_r8P"
1386;"9915084667@eparkingrx.pl";"mAcDWb5EVC"
1387;"8906895770@eparkingrx.pl";"Hxxxdp`KPg"
1388;"8243886754@eparkingrx.pl";"U8Sr3j^=dp"
1389;"9228113985@eparkingrx.pl";"[j8Twa<9jN"
1390;"8011474609@eparkingrx.pl";"`QRQ0hiFrN"
1391;"8464922689@eparkingrx.pl";"ppvHorXUbE"
1392;"8778542089@eparkingrx.pl";"GHD0yZ5<KV"
1393;"9418559543@eparkingrx.pl";"vVf5MbADS["
1394;"8197596395@eparkingrx.pl";"0;l0[jKo8e"
1395;"8947268402@eparkingrx.pl";"RLdnmxAY0P"
1396;"8000705259@eparkingrx.pl";"ELjF@q2M[c"
1397;"9875818544@eparkingrx.pl";"@Y[C3o6eKU"
1398;"9694269215@eparkingrx.pl";"5yFTA4/ir^"
1399;"8426668590@eparkingrx.pl";"ny]U[C\frX"
1400;"9549020875@eparkingrx.pl";"yeTx]ucxO<"
1401;"8161260197@eparkingrx.pl";"9/E1K_m8G8"
1402;"8716822040@eparkingrx.pl";"eFdmf2k`cT"
1403;"9250006253@eparkingrx.pl";"AehciDJ8zr"
1404;"9156301905@eparkingrx.pl";"wUsgRmexIB"
1405;"9931226914@eparkingrx.pl";"/NKMn[e9sa"
1406;"8466201847@eparkingrx.pl";"3q[=YXM;Ws"
1407;"9979908907@eparkingrx.pl";"6Y@sb]tA6>"
1408;"9015070304@eparkingrx.pl";"[`8GuBpAiV"
1409;"8599994738@eparkingrx.pl";"7O3YZhynBE"
1410;"9111829461@eparkingrx.pl";"WM:0h:aAY6"
1411;"8562499469@eparkingrx.pl";"K0=RALB2[T"
1412;"8575940790@eparkingrx.pl";"F>/p[2p^37"
1413;"8563221918@eparkingrx.pl";"tsDRMoCCHX"
1414;"9906718041@eparkingrx.pl";"GMjXy_XCDr"
1415;"8827095369@eparkingrx.pl";"t9rCRzeFsO"
1416;"8338442935@eparkingrx.pl";"7A_b@C2mmI"
1417;"9089382819@eparkingrx.pl";"d/R5b=;=IW"
1418;"9111995887@eparkingrx.pl";"zOUL6gtr5?"
1419;"9592068706@eparkingrx.pl";"4F5ysG:M7["
1420;"8709571744@eparkingrx.pl";"qXs:U9]jK`"
1421;"8895060033@eparkingrx.pl";"DNd8\HiFa;"
1422;"8489961812@eparkingrx.pl";"pBWn`ytSKb"
1423;"9283132931@eparkingrx.pl";"_PR\>so2;5"
1424;"8660772294@eparkingrx.pl";"0yymcfHeln"
1425;"9053267466@eparkingrx.pl";":=Axy><t=j"
1426;"8803320382@eparkingrx.pl";"\O_v]RT\Kc"
1427;"9162885844@eparkingrx.pl";"9hLh4M_XtJ"
1428;"9391326307@eparkingrx.pl";"0L3]RmcUpo"
1429;"8232778794@eparkingrx.pl";"EVI3LQHj3<"
1430;"9116217221@eparkingrx.pl";"7Mj21^rkOb"
1431;"8985710583@eparkingrx.pl";"Qw57vl3;_L"
1432;"8741789887@eparkingrx.pl";"8`0W1vqW5`"
1433;"8911338522@eparkingrx.pl";"sEpNpVQ[MY"
1434;"9633526107@eparkingrx.pl";"sJ`>tZR3Le"
1435;"9320376093@eparkingrx.pl";"pb9411Q@X@"
1436;"9976298970@eparkingrx.pl";"MxkgKRayBc"
1437;"8448542871@eparkingrx.pl";"zfi:C<25wF"
1438;"8146776075@eparkingrx.pl";"bqYzA\A9ES"
1439;"9002561369@eparkingrx.pl";"hDL39ld:Rn"
1440;"8435969748@eparkingrx.pl";"8ZV8H3Z_Ce"
1441;"9464758254@eparkingrx.pl";"3PA:Np20UA"
1442;"8718207240@eparkingrx.pl";"[TkH14bu=T"
1443;"8747000953@eparkingrx.pl";"PJW1IP[aHq"
1444;"9723446208@eparkingrx.pl";"nNWmUP:h@9"
1445;"9548772750@eparkingrx.pl";";KwJ:YY^lS"
1446;"8237738155@eparkingrx.pl";"sC@4@G]/Rw"
1447;"9706215387@eparkingrx.pl";"g@ElRTeHkR"
1448;"8850718263@eparkingrx.pl";"sAazUQVRd="
1449;"9058715092@eparkingrx.pl";"u8qWNVV9Db"
1450;"8764489016@eparkingrx.pl";":FfL7>/DvJ"
1451;"8815955419@eparkingrx.pl";"Z;`8gZbmGZ"
1452;"8275533690@eparkingrx.pl";"kX7Vge?hjv"
1453;"9570477367@eparkingrx.pl";"Oqw_jGOV1r"
1454;"8226400329@eparkingrx.pl";"a9WXouTN=]"
1455;"9695562328@eparkingrx.pl";"\Rs5<\Rv?Z"
1456;"8150508813@eparkingrx.pl";"uI/gf42K7n"
1457;"8756619486@eparkingrx.pl";"b1TuE7BVhI"
1458;"8354075681@eparkingrx.pl";"Wz71MI>GqP"
1459;"9196377848@eparkingrx.pl";"AJBT9aW5J^"
1460;"8899908248@eparkingrx.pl";"FojN;1`IPG"
1461;"8786846682@eparkingrx.pl";"E]s5<dTqNv"
1462;"8067246026@eparkingrx.pl";"07QeNftT;x"
1463;"8480183114@eparkingrx.pl";"4u]FNx:[`z"
1464;"8693563818@eparkingrx.pl";"lPP?Ws^NOu"
1465;"8352952872@eparkingrx.pl";"OhvpeGku^^"
1466;"9867376785@eparkingrx.pl";"Qi@ffm]VL7"
1467;"8499618956@eparkingrx.pl";">^P7X>T8pr"
1468;"9509627334@eparkingrx.pl";"ZF5<E<]N/P"
1469;"8356267411@eparkingrx.pl";"/a`VGn1:fg"
1470;"9087316522@eparkingrx.pl";"W\4XR=cQEY"
1471;"8588706968@eparkingrx.pl";"[Kpjho0_JY"
1472;"9937256699@eparkingrx.pl";"LxU<a^7EXd"
1473;"8998204857@eparkingrx.pl";"v6`t_`4DwD"
1474;"9354011210@eparkingrx.pl";"[6nY22CImB"
1475;"9542982329@eparkingrx.pl";"khrfWo=_O>"
1476;"8407634181@eparkingrx.pl";"/NTl>9cgjt"
1477;"9563190071@eparkingrx.pl";"YB^MWed]Zv"
1478;"8020408396@eparkingrx.pl";"Qup`dBi\=k"
1479;"9820813141@eparkingrx.pl";"TZi3YtocOn"
1480;"8122096265@eparkingrx.pl";"5<nK5H]DRw"
1481;"9653604484@eparkingrx.pl";"XVuM?fng^^"
1482;"9764767760@eparkingrx.pl";"Piz3y57]S_"
1483;"9420016524@eparkingrx.pl";"bYRAVM>B]G"
1484;"8737749281@eparkingrx.pl";"lyu1EeiXTb"
1485;"8316967599@eparkingrx.pl";"T\9nAE^qqV"
1486;"8360800501@eparkingrx.pl";"oRk`G?8:E["
1487;"8484791269@eparkingrx.pl";":W;\j9j<>`"
1488;"8838187630@eparkingrx.pl";"j?Q^Za`5Mx"
1489;"8794939940@eparkingrx.pl";"Oa9rvJ_h8p"
1490;"8871871814@eparkingrx.pl";"R]51JJXhRi"
1491;"9348200862@eparkingrx.pl";"YqfwWOA4q0"
1492;"8635139659@eparkingrx.pl";"9gRg?5>@iX"
1493;"9383528869@eparkingrx.pl";"VnOX6JM8yh"
1494;"9422373859@eparkingrx.pl";"k:03s7c;Z3"
1495;"8104504893@eparkingrx.pl";"uPgyt4/dH>"
1496;"9201709937@eparkingrx.pl";"tlEcIv=O[g"
1497;"8468865314@eparkingrx.pl";"vchFtb^Ork"
1498;"9243730995@eparkingrx.pl";"zg<:tJ7Hwo"
1499;"9392076266@eparkingrx.pl";"y1P46=1Ver"
1500;"8840308574@eparkingrx.pl";"oajw3J25c="
1501;"8186336796@eparkingrx.pl";"W6uzsZcTfb"
1502;"9888822822@eparkingrx.pl";"[ny[i\vv6t"
1503;"8006317913@eparkingrx.pl";"r=eK4XOrzc"
1504;"8587056131@eparkingrx.pl";"`^XK9A@i4o"
1505;"9257375993@eparkingrx.pl";"IMY9jSnmjA"
1506;"9914549750@eparkingrx.pl";"f8RkcKtY;r"
1507;"9895352131@eparkingrx.pl";"KClF`X3STE"
1508;"9860181997@eparkingrx.pl";"\HhRG[a?C6"
1509;"9698822402@eparkingrx.pl";"rRoT3IMUQO"
1510;"9057624974@eparkingrx.pl";":sJGKj5dHI"
1511;"8698163289@eparkingrx.pl";"y8\nJRuiG>"
1512;"8676783065@eparkingrx.pl";"TAB=:3_cMz"
1513;"9140564044@eparkingrx.pl";"TS^d/W`Jfx"
1514;"8357858814@eparkingrx.pl";"@6t>JMAjgS"
1515;"9021043018@eparkingrx.pl";"rE/oAh<DBY"
1516;"9656892548@eparkingrx.pl";"wku0A9Gs?k"
1517;"8219310292@eparkingrx.pl";"l1AX3nN8Aw"
1518;"9078696850@eparkingrx.pl";"H507GEmU^D"
1519;"9813659548@eparkingrx.pl";"^ipy=>qYGb"
1520;"9776448407@eparkingrx.pl";"zE9OFD;7eK"
1521;"8832675309@eparkingrx.pl";"`mpj9xLrc0"
1522;"8833411006@eparkingrx.pl";"XJU;Sy^:DW"
1523;"9930081979@eparkingrx.pl";";9UOTi3eL@"
1524;"9683818534@eparkingrx.pl";"9zTaP4:QT/"
1525;"8627069842@eparkingrx.pl";"^[26VSB:p<"
1526;"8269534138@eparkingrx.pl";"]9G636eOVF"
1527;"9915626434@eparkingrx.pl";"lspm\4n1AN"
1528;"9409028518@eparkingrx.pl";"zH<9w3z\D<"
1529;"9249661053@eparkingrx.pl";"^tdYu[J[]S"
1530;"9766630411@eparkingrx.pl";"pcPntXL5F;"
1531;"8666776439@eparkingrx.pl";"Y@CH[adVi`"
1532;"9518957887@eparkingrx.pl";"Lf5j\GJFaK"
1533;"9837342208@eparkingrx.pl";"ZjwHYY7_`d"
1534;"8434895104@eparkingrx.pl";"COyHTD_Z2U"
1535;"9384603772@eparkingrx.pl";"6cII_;^sg0"
1536;"9954523300@eparkingrx.pl";"t`vcL3ZBsM"
1537;"8302128453@eparkingrx.pl";"0E3B2Z<Efi"
1538;"8359244497@eparkingrx.pl";"GE]qtT?jJ8"
1539;"9334752782@eparkingrx.pl";"uE17kDdW[4"
1540;"8019551380@eparkingrx.pl";"<iqq;Vt:WI"
1541;"8274817449@eparkingrx.pl";"B]rqfMZkLH"
1542;"9032073463@eparkingrx.pl";"R3]54o>t8i"
1543;"9804917909@eparkingrx.pl";"N[oH[ErVsK"
1544;"9680200082@eparkingrx.pl";"MxOmk^nOPf"
1545;"9852276038@eparkingrx.pl";"q<Cg7JoXmy"
1546;"8920295212@eparkingrx.pl";":RUfmINBuu"
1547;"9895043920@eparkingrx.pl";"TXKpKU5T/V"
1548;"8440423391@eparkingrx.pl";"oTub93YX\X"
1549;"9795245425@eparkingrx.pl";"MWyoeDLlL3"
1550;"8337296437@eparkingrx.pl";"WwzcavSWuf"
1551;"8913065625@eparkingrx.pl";"KTPo[x6S]f"
1552;"9421212772@eparkingrx.pl";"V?<Ml/3y]0"
1553;"8284789390@eparkingrx.pl";"G2\2r0Zy[r"
1554;"9566573899@eparkingrx.pl";"_/H4Km<1aP"
1555;"8625603457@eparkingrx.pl";"f<ezkUENow"
1556;"9748442132@eparkingrx.pl";"TqD<v`aWS8"
1557;"8745179200@eparkingrx.pl";"f=Rakd;JWA"
1558;"8749658223@eparkingrx.pl";"l`YStvC]<C"
1559;"8420117507@eparkingrx.pl";"DFH1PQlhVv"
1560;"9206553183@eparkingrx.pl";"]DG=Js@de9"
1561;"9134431170@eparkingrx.pl";"204agNTkU5"
1562;"8848106376@eparkingrx.pl";"ASTE<@5y:0"
1563;"9036023619@eparkingrx.pl";"Hw0pr[wkHG"
1564;"8171746576@eparkingrx.pl";"?r/cV2Pz5P"
1565;"8130911716@eparkingrx.pl";"g6k7E_/0qB"
1566;"9044204431@eparkingrx.pl";"9sb>dzj@U/"
1567;"9709419638@eparkingrx.pl";"w@w<ULObyI"
1568;"9746757925@eparkingrx.pl";"3FeMl9>6<@"
1569;"8700395781@eparkingrx.pl";"emUB>s@\Zh"
1570;"8084113909@eparkingrx.pl";"udC?bZr3F@"
1571;"8422602449@eparkingrx.pl";"s=iY39A7sM"
1572;"9831182637@eparkingrx.pl";"I5cuFVlzI?"
1573;"9127535483@eparkingrx.pl";"fH/Xh<AQyx"
1574;"8053364868@eparkingrx.pl";";V^QszvZnT"
1575;"8591894327@eparkingrx.pl";"oa0uMPy9q<"
1576;"9734890541@eparkingrx.pl";"=gZw`@=WY2"
1577;"9941622972@eparkingrx.pl";":4pznc/NnB"
1578;"9448394190@eparkingrx.pl";"t/gs=Y2v^D"
1579;"9576479778@eparkingrx.pl";"8g^7xg>QCi"
1580;"9182624959@eparkingrx.pl";"8?<4Pl:FjW"
1581;"8375387659@eparkingrx.pl";"Fu5SlHgnqk"
1582;"8894606674@eparkingrx.pl";"u\OVBAv^[D"
1583;"8688990249@eparkingrx.pl";"WI0P>?q0bQ"
1584;"9984073767@eparkingrx.pl";"u7ybgTwlqr"
1585;"9402349946@eparkingrx.pl";"jEwfrOP]_S"
1586;"9228782961@eparkingrx.pl";"G8g2wPW:Kv"
1587;"9349304528@eparkingrx.pl";"1jMd`Bx^Od"
1588;"9082053013@eparkingrx.pl";"xxB>9[llwI"
1589;"8972924808@eparkingrx.pl";"73BQI3B`VY"
1590;"8304356477@eparkingrx.pl";"rL45GkV^?8"
1591;"8045080352@eparkingrx.pl";"ts2iXCBCEr"
1592;"9967640302@eparkingrx.pl";"/TrT[`vCR1"
1593;"8515487509@eparkingrx.pl";"Bm9:0jO1i\"
1594;"8768227884@eparkingrx.pl";"[tS6=9U7=3"
1595;"8031283094@eparkingrx.pl";"ZgGMH3XVpa"
1596;"8410880613@eparkingrx.pl";"m7f2@;f=Kf"
1597;"8329364934@eparkingrx.pl";"/NqYA0oE4I"
1598;"8938000357@eparkingrx.pl";"MbiQV97oT["
1599;"8319099627@eparkingrx.pl";"O<@=Os]9F2"
1600;"9602822045@eparkingrx.pl";"qNucRda:/`"
1601;"8207024988@eparkingrx.pl";"wX`Wgef8Dl"
1602;"9217275738@eparkingrx.pl";"zRUJZs/4m0"
1603;"8835460885@eparkingrx.pl";"CpP`cSCJku"
1604;"9043528553@eparkingrx.pl";"x3C07owqR:"
1605;"8482604215@eparkingrx.pl";"4a]siT[O;2"
1606;"9164541630@eparkingrx.pl";"CYv421mt3z"
1607;"8181753683@eparkingrx.pl";"luxy>N=VcD"
1608;"8116066026@eparkingrx.pl";"=KZ0_CNaW/"
1609;"8372514228@eparkingrx.pl";"Wkw;Zs;Y:s"
1610;"9087951915@eparkingrx.pl";"c=CAs1nC\d"
1611;"8140525910@eparkingrx.pl";"oIgOu8w<`I"
1612;"9333233368@eparkingrx.pl";"A4^a1[W0od"
1613;"8495240070@eparkingrx.pl";"^OB7f\c5Ml"
1614;"8931698515@eparkingrx.pl";"9go=>Ytct\"
1615;"8016508073@eparkingrx.pl";"ShUZafN;L/"
1616;"8810433015@eparkingrx.pl";"@;qN?QwpPb"
1617;"8495451081@eparkingrx.pl";"EqhHuuV;oI"
1618;"9760132325@eparkingrx.pl";"9JIz9IWUB\"
1619;"9546718681@eparkingrx.pl";"q<yc0Q?3eX"
1620;"9626783293@eparkingrx.pl";"ERykr@?_hh"
1621;"8714651832@eparkingrx.pl";"xT@ksd0KgD"
1622;"8195930347@eparkingrx.pl";":seNJtl==T"
1623;"8698763200@eparkingrx.pl";"?<k3`aV:<j"
1624;"9481430404@eparkingrx.pl";"g0QKJ^NeiR"
1625;"9669151736@eparkingrx.pl";":Q=SkO0i/v"
1626;"8752483535@eparkingrx.pl";"kzSvwJK[fN"
1627;"9533069719@eparkingrx.pl";"/oWM@8qf46"
1628;"8328287972@eparkingrx.pl";"3_aK6V@PZi"
1629;"8732239625@eparkingrx.pl";"12HnmD8U7]"
1630;"9344408302@eparkingrx.pl";";U:[?8vuT8"
1631;"9498908836@eparkingrx.pl";"VKOiJ=>]>\"
1632;"9212465901@eparkingrx.pl";"9bpWEq<2Yk"
1633;"9886215287@eparkingrx.pl";"[IxaKnDq2O"
1634;"9428186244@eparkingrx.pl";"FpI>5?B;>G"
1635;"8125511198@eparkingrx.pl";"8=5/;Xr36;"
1636;"8973543948@eparkingrx.pl";"[CYRT]oaw6"
1637;"8107710403@eparkingrx.pl";"07PHEZqA1P"
1638;"8436714085@eparkingrx.pl";"^knVdG3`_Q"
1639;"9156040896@eparkingrx.pl";">Bh20r:Y9t"
1640;"8593028507@eparkingrx.pl";"0vV2AZE@QT"
1641;"9851812453@eparkingrx.pl";"mGl2q3b^tJ"
1642;"8178978850@eparkingrx.pl";"j6\<2r/usZ"
1643;"9570014120@eparkingrx.pl";"RVMIdmvc@;"
1644;"9460027819@eparkingrx.pl";"xDQOir`D\Y"
1645;"8241759802@eparkingrx.pl";"`O::u3[Dk;"
1646;"9258637077@eparkingrx.pl";"8ee=1HSN1T"
1647;"9004119887@eparkingrx.pl";"Fat/^qF8QF"
1648;"9291893478@eparkingrx.pl";"wisVB@E4f`"
1649;"9174628005@eparkingrx.pl";"]x\xkNOO;;"
1650;"9720336811@eparkingrx.pl";"9\p:>BE^88"
1651;"8034289709@eparkingrx.pl";"B73C:tey=0"
1652;"8240791236@eparkingrx.pl";"^LPBqY]kak"
1653;"8457103078@eparkingrx.pl";"ad``=9lV]J"
1654;"9764826125@eparkingrx.pl";"pqLHY4NgOs"
1655;"8708313670@eparkingrx.pl";"a^UdSG]okO"
1656;"8607443419@eparkingrx.pl";"iI8WhwoRCa"
1657;"9213683844@eparkingrx.pl";"K=PTCaJFYT"
1658;"8177474699@eparkingrx.pl";"qKP50Jx4;?"
1659;"8291790188@eparkingrx.pl";"[SZNZjj^/r"
1660;"8603969062@eparkingrx.pl";"WIdiFg`QoN"
1661;"9667546145@eparkingrx.pl";"2ssLT/IO1l"
1662;"8656629177@eparkingrx.pl";"eNn4GuYmyA"
1663;"9898877118@eparkingrx.pl";"NKw;uUZ[GB"
1664;"9373899521@eparkingrx.pl";"I4E[9A`5A2"
1665;"9852880124@eparkingrx.pl";"WRhXp>l1tn"
1666;"9591498187@eparkingrx.pl";"eHBBLyD<IJ"
1667;"9239558484@eparkingrx.pl";"M81Z5sFi09"
1668;"9894957451@eparkingrx.pl";"g?]rQFqhPt"
1669;"8351529369@eparkingrx.pl";"FEKk=a[cUF"
1670;"9844371554@eparkingrx.pl";"nvXHbFeWs`"
1671;"8102576061@eparkingrx.pl";"MV?a/Rx\sn"
1672;"9972420602@eparkingrx.pl";"R>_9PfSCd2"
1673;"9049814386@eparkingrx.pl";"ZT>nwJ2H9P"
1674;"9649906239@eparkingrx.pl";"5KZz8=6@Mo"
1675;"8547022795@eparkingrx.pl";"ZZn7FnM74j"
1676;"9093759113@eparkingrx.pl";"Y>PD0Ku5b_"
1677;"9894571786@eparkingrx.pl";"quab9V5O[6"
1678;"8233328857@eparkingrx.pl";"=L<R=S[AKT"
1679;"9315475632@eparkingrx.pl";"uCwY@O_Foa"
1680;"9558792361@eparkingrx.pl";"VkP=D;1]la"
1681;"9649223130@eparkingrx.pl";"Qqkd_h_Jnt"
1682;"8321066491@eparkingrx.pl";"RpRTM^V7?x"
1683;"8491433604@eparkingrx.pl";"Lgdtyr/5WX"
1684;"9599321816@eparkingrx.pl";"R6zzHr?z/S"
1685;"9042672021@eparkingrx.pl";"Qeh;kT\[\M"
1686;"8932069086@eparkingrx.pl";"2ObJUhprPt"
1687;"8528999876@eparkingrx.pl";"FdJMrQ>RwL"
1688;"8414648984@eparkingrx.pl";"Xw6h5OG0bT"
1689;"8957944647@eparkingrx.pl";"VWXwXjM:nX"
1690;"8395798093@eparkingrx.pl";";8>enAlTn="
1691;"9488762010@eparkingrx.pl";"hijuZ9BVRo"
1692;"9788182186@eparkingrx.pl";"jZk/wC4:j;"
1693;"8651283508@eparkingrx.pl";"LWVdv2X5mu"
1694;"9149769669@eparkingrx.pl";"bzA<f2<T9f"
1695;"8124985313@eparkingrx.pl";"ZarY>1WoWV"
1696;"8061797391@eparkingrx.pl";"d2y1IUwldt"
1697;"9180820438@eparkingrx.pl";"XNgPrpBJh5"
1698;"9530788750@eparkingrx.pl";"I6Bt1;tkX0"
1699;"9769606618@eparkingrx.pl";"H3Q@=\r54E"
1700;"9066780806@eparkingrx.pl";"Ds2CNVT/MZ"
1701;"8149809118@eparkingrx.pl";"HEb^SS7bgc"
1702;"9693083803@eparkingrx.pl";"f[Iu1nqQmX"
1703;"9092996202@eparkingrx.pl";"_L`IyFbDP:"
1704;"9774769110@eparkingrx.pl";"yOkbNU1>[1"
1705;"8427247440@eparkingrx.pl";"hFN;:=FaUa"
1706;"9537554945@eparkingrx.pl";"qxUtODLxzo"
1707;"9087290970@eparkingrx.pl";"GB[GD;;qE["
1708;"8512364848@eparkingrx.pl";"olwdq5dUR^"
1709;"9262639834@eparkingrx.pl";"5FT`EX6s:H"
1710;"9962999371@eparkingrx.pl";"XtW\;sl6_T"
1711;"9488667936@eparkingrx.pl";"iyLv1lVy:W"
1712;"9680429393@eparkingrx.pl";"5nQoiExoe]"
1713;"9991525907@eparkingrx.pl";"@y;SV[dT0m"
1714;"9916438769@eparkingrx.pl";"]e:`aZW5\h"
1715;"9924568660@eparkingrx.pl";":GxoVU?tz0"
1716;"9609516407@eparkingrx.pl";"da8VYYzI]O"
1717;"9215835954@eparkingrx.pl";"/BLx_>urBJ"
1718;"9105487987@eparkingrx.pl";"u^\\Aj`3jN"
1719;"8711329589@eparkingrx.pl";":LD260Tkov"
1720;"9551485365@eparkingrx.pl";"^[CSUK]zTG"
1721;"8087584506@eparkingrx.pl";"fTQ8QZM`6a"
1722;"8337103086@eparkingrx.pl";"M[=nPpuA8k"
1723;"9191206023@eparkingrx.pl";"gYppTrsH[0"
1724;"8384937786@eparkingrx.pl";"/9OXjZ@e^O"
1725;"8266955229@eparkingrx.pl";"RoVOt3]pT\"
1726;"9528946083@eparkingrx.pl";"\[cJ;=hM=8"
1727;"9874050620@eparkingrx.pl";"uwKiwU0M@h"
1728;"9991619542@eparkingrx.pl";"bX:g\[6kyn"
1729;"9489019376@eparkingrx.pl";"aLi1S@307q"
1730;"8782473438@eparkingrx.pl";"O`xcdjipLW"
1731;"9847906165@eparkingrx.pl";"pizh[K\OnJ"
1732;"9737380785@eparkingrx.pl";"kg;UdIy0o:"
1733;"8581419370@eparkingrx.pl";"otPEHYxVFx"
1734;"8506575866@eparkingrx.pl";"PUMy:BV\n7"
1735;"9942713657@eparkingrx.pl";"seY2`7zQ?s"
1736;"8517170475@eparkingrx.pl";">y`?xb?uKm"
1737;"9721169069@eparkingrx.pl";"sHrY/3WIXM"
1738;"8933840018@eparkingrx.pl";"3<L0h:WxDI"
1739;"9589848510@eparkingrx.pl";":VhV`Usl9>"
1740;"9802699796@eparkingrx.pl";"xbz<icb`yR"
1741;"9617743466@eparkingrx.pl";"R;bzE5>_Xq"
1742;"9764119146@eparkingrx.pl";"lnriSbAUhD"
1743;"9251788065@eparkingrx.pl";"C>zg6;O6^?"
1744;"9126873151@eparkingrx.pl";"v<aTKs8HL_"
1745;"8361355230@eparkingrx.pl";"N^uLg\<^@d"
1746;"8059764152@eparkingrx.pl";":6pkO5X93r"
1747;"8047677013@eparkingrx.pl";"8=IEOzr=sk"
1748;"8121897022@eparkingrx.pl";"tah09fN^nV"
1749;"8079432731@eparkingrx.pl";"6>rSniqTbP"
1750;"9350028217@eparkingrx.pl";"pkwRH>BErq"
1751;"9319244153@eparkingrx.pl";"?[se^>CFNG"
1752;"9295442716@eparkingrx.pl";"iZedtYm\\5"
1753;"8017567310@eparkingrx.pl";"jg:gra@U_/"
1754;"9571312658@eparkingrx.pl";"mxR\uaqdYT"
1755;"9208268727@eparkingrx.pl";"OPe1WxHzZX"
1756;"8286023153@eparkingrx.pl";"VHX<s:PKBX"
1757;"8950560515@eparkingrx.pl";"6VWZ4kJgLU"
1758;"8933707652@eparkingrx.pl";"bLL54uelxt"
1759;"8653074926@eparkingrx.pl";"Z@Dg7pLlP>"
1760;"8878899165@eparkingrx.pl";"h5=MEac?KJ"
1761;"8972957515@eparkingrx.pl";"`_7Dmh;G;/"
1762;"9211403569@eparkingrx.pl";"a24d4yAttj"
1763;"9722255539@eparkingrx.pl";"^X^/xls3BZ"
1764;"9098477685@eparkingrx.pl";"9KhiDx1UH\"
1765;"9452856497@eparkingrx.pl";"3/zTDm>4cf"
1766;"9283369627@eparkingrx.pl";"@4y^/<4;Q;"
1767;"9682917592@eparkingrx.pl";"g6BN=4W7TD"
1768;"9015753645@eparkingrx.pl";"7IztnKITcE"
1769;"9575117610@eparkingrx.pl";"GRUL4U;Ku/"
1770;"9688647196@eparkingrx.pl";"oOaDJZdfMk"
1771;"8880127823@eparkingrx.pl";"H3Jcat;QPr"
1772;"8092554498@eparkingrx.pl";"BKKz]@mj4H"
1773;"9535373428@eparkingrx.pl";"f5]x@nqqR="
1774;"9443160130@eparkingrx.pl";"Sw<N1YZk_9"
1775;"9246509394@eparkingrx.pl";"i_mBe_rdG@"
1776;"9780190088@eparkingrx.pl";"rQRF`1UDJ;"
1777;"8497064155@eparkingrx.pl";"KuS?806WBX"
1778;"9484313774@eparkingrx.pl";"PT3meUda1S"
1779;"9472816414@eparkingrx.pl";"nV_zkvw@nM"
1780;"8596827023@eparkingrx.pl";"pz^b4UCi`?"
1781;"9605494768@eparkingrx.pl";"ZNiaqgI2FV"
1782;"8979993548@eparkingrx.pl";"<gt=2D<Rx:"
1783;"8759549467@eparkingrx.pl";"cYNd>][W/L"
1784;"8080972410@eparkingrx.pl";"[z3glKWK1v"
1785;"9894986851@eparkingrx.pl";"7r?8f0z?\I"
1786;"8709968402@eparkingrx.pl";"kv5k6j`V[N"
1787;"8572126513@eparkingrx.pl";"cn\oUMfV`["
1788;"9892232200@eparkingrx.pl";"kr8WNX7DLC"
1789;"9772355153@eparkingrx.pl";"UJvvEsL5ai"
1790;"8111987227@eparkingrx.pl";"HBsZi=<TU?"
1791;"8717296681@eparkingrx.pl";"U3>S@Xt\rh"
1792;"8818256705@eparkingrx.pl";"G]cw7b76hN"
1793;"8850487436@eparkingrx.pl";"IWl_XsIF=E"
1794;"9237821501@eparkingrx.pl";"b`Lx9`howH"
1795;"9813193858@eparkingrx.pl";"utub>fiGVk"
1796;"8902449657@eparkingrx.pl";"BHngWrMk]F"
1797;"9258603040@eparkingrx.pl";"R4e>\aZ6[^"
1798;"8950651438@eparkingrx.pl";"vPHAs]H9rp"
1799;"9786874188@eparkingrx.pl";"^2w@nxUycl"
1800;"8761731172@eparkingrx.pl";"K0guOH\s@p"
1801;"8774645291@eparkingrx.pl";"R_4QZCn5co"
1802;"8457987850@eparkingrx.pl";"KWt>eum;64"
1803;"8324824688@eparkingrx.pl";"x6o4qBfR_0"
1804;"8632030815@eparkingrx.pl";"07WH@@LDnP"
1805;"9047319321@eparkingrx.pl";"P2vROqn1Uq"
1806;"8920625725@eparkingrx.pl";"SwSU=i7HmL"
1807;"9655664508@eparkingrx.pl";"vb]IRa6mty"
1808;"9441245469@eparkingrx.pl";"tU9X5]lw7\"
1809;"9690132841@eparkingrx.pl";"tgPAg1Sc;^"
1810;"9634464134@eparkingrx.pl";";oj6[UTGma"
1811;"8950427041@eparkingrx.pl";"HVfJFpq]cM"
1812;"8598564072@eparkingrx.pl";"8@3NgM6Uf@"
1813;"9554610552@eparkingrx.pl";">wcf4RDYds"
1814;"9524123890@eparkingrx.pl";"A2b4aX1w:o"
1815;"9614748516@eparkingrx.pl";"mbxh\Gv[bz"
1816;"9979877040@eparkingrx.pl";"qPwpCECca3"
1817;"9022341370@eparkingrx.pl";"3biHa43n7h"
1818;"9195145163@eparkingrx.pl";"q6Fu>H=GhS"
1819;"8085002650@eparkingrx.pl";"k>uaI=lmhm"
1820;"8411280667@eparkingrx.pl";"zU0[;4/9<v"
1821;"9863126900@eparkingrx.pl";"hbO@m5ZhJI"
1822;"8811029651@eparkingrx.pl";"RMbm6rH;88"
1823;"8976863002@eparkingrx.pl";"WtuZbq32EM"
1824;"8925495198@eparkingrx.pl";"ezFgq8K`<k"
1825;"9304122531@eparkingrx.pl";"WfuHWuq9^["
1826;"8699753777@eparkingrx.pl";"97p>w040^F"
1827;"8208429011@eparkingrx.pl";"eN\Fq2_qPU"
1828;"8761475733@eparkingrx.pl";"KSWJ/XkEBx"
1829;"9610314075@eparkingrx.pl";"C17xu:T=\g"
1830;"8218469282@eparkingrx.pl";"6Dsgn5E9T^"
1831;"8267287132@eparkingrx.pl";"YJ>IqLYX_o"
1832;"8803534223@eparkingrx.pl";"w:ncGMS37Y"
1833;"9182470978@eparkingrx.pl";"DKCucsG/BZ"
1834;"9970060783@eparkingrx.pl";"u=DdSK06B\"
1835;"9059585860@eparkingrx.pl";"gkDEv6BVdh"
1836;"8550805712@eparkingrx.pl";"<uEKyP:zUc"
1837;"8935413519@eparkingrx.pl";":kz[nQ0f?C"
1838;"9086014039@eparkingrx.pl";"^3]_HQZxvl"
1839;"8000753776@eparkingrx.pl";"a>y:6=cZGi"
1840;"8373763174@eparkingrx.pl";"0fEJClx[QM"
1841;"8947869738@eparkingrx.pl";"xKT@x[shcJ"
1842;"8584170724@eparkingrx.pl";"ZNujZE/Um3"
1843;"8613377494@eparkingrx.pl";"2=0Nf[ba3]"
1844;"8311041119@eparkingrx.pl";"59M:CYCMJn"
1845;"8348714888@eparkingrx.pl";"IZ;Rbmv1OG"
1846;"8141992452@eparkingrx.pl";"ffx_A;[@om"
1847;"9057187578@eparkingrx.pl";"JeT4M=zN7N"
1848;"8145236706@eparkingrx.pl";"CkHOp]@_Gb"
1849;"9396467053@eparkingrx.pl";"4a`Ds3;8M0"
1850;"9351426014@eparkingrx.pl";"j^D`iQPocW"
1851;"8712667766@eparkingrx.pl";"=_<U4D@CzQ"
1852;"9822245185@eparkingrx.pl";"ddX\NwFq>H"
1853;"9469464361@eparkingrx.pl";"@zVsKzLtUo"
1854;"9563837282@eparkingrx.pl";"eokyb4`wpN"
1855;"9599623632@eparkingrx.pl";":6oYkD5Y[F"
1856;"9698031609@eparkingrx.pl";"qFDC[BqSDR"
1857;"9581973031@eparkingrx.pl";"_kS1p2k5Z]"
1858;"8656285433@eparkingrx.pl";"NUyKc^phfE"
1859;"8856115637@eparkingrx.pl";"`3`m3K/@s7"
1860;"9344662417@eparkingrx.pl";"a1lYeX27up"
1861;"9899897378@eparkingrx.pl";"x0:MPH4/3c"
1862;"9112389591@eparkingrx.pl";"CYU7oSjncp"
1863;"8708881268@eparkingrx.pl";"@<E8_O1<iT"
1864;"8059912067@eparkingrx.pl";"y:@<a7OAx<"
1865;"9292802370@eparkingrx.pl";"3Fv]nCLeu?"
1866;"8180240415@eparkingrx.pl";"`vDaEwFEjO"
1867;"9638962270@eparkingrx.pl";"OIe1AVIrs?"
1868;"9890768299@eparkingrx.pl";"PQT:NvWhaq"
1869;"8720476779@eparkingrx.pl";"FuA6\6sBWJ"
1870;"9605040324@eparkingrx.pl";"ME?`WKX?gW"
1871;"9829938525@eparkingrx.pl";"eK/2mkA2x^"
1872;"9257680786@eparkingrx.pl";"j_Rg3P0bww"
1873;"8988517773@eparkingrx.pl";"zuG2pJHo`Z"
1874;"8983728842@eparkingrx.pl";"Iv3H2@izrd"
1875;"9661564972@eparkingrx.pl";"jdd_qu^CcE"
1876;"9529459382@eparkingrx.pl";"Psj^@KTJ2v"
1877;"8405013980@eparkingrx.pl";"[\iHqUGn:d"
1878;"9085203946@eparkingrx.pl";"K[yONqPIT="
1879;"8383031521@eparkingrx.pl";"RKvSW729tq"
1880;"8964044910@eparkingrx.pl";"gGf`Tg`Dg\"
1881;"9914809403@eparkingrx.pl";"NY/At_gX5I"
1882;"9014772363@eparkingrx.pl";"A]T13_=SxO"
1883;"9588475801@eparkingrx.pl";"0bruM\Jl]X"
1884;"9586924524@eparkingrx.pl";"`UWTvtcO_W"
1885;"9282764094@eparkingrx.pl";";7@W:9aN[^"
1886;"9944796713@eparkingrx.pl";"5r]k=WqB`E"
1887;"8042135565@eparkingrx.pl";"AiYu/92Pwi"
1888;"8600476551@eparkingrx.pl";"5R@5YysnuY"
1889;"9873309916@eparkingrx.pl";"qYa>gIcgw3"
1890;"8520424123@eparkingrx.pl";"m=e:9oLu`]"
1891;"9672538349@eparkingrx.pl";"7Ycf]cO:Ep"
1892;"9725452377@eparkingrx.pl";"j=^2uJ2pin"
1893;"9020792939@eparkingrx.pl";"yIrix<MI?p"
1894;"8009296275@eparkingrx.pl";"`38R<Jmq=\"
1895;"8915539786@eparkingrx.pl";"?p?B84^J20"
1896;"8127499123@eparkingrx.pl";"]VlNd6PD3L"
1897;"8377812259@eparkingrx.pl";"ry^QtVu<SE"
1898;"9401545010@eparkingrx.pl";"ckFaCuYH`\"
1899;"8309567584@eparkingrx.pl";"D6eyMhDOG0"
1900;"9685442078@eparkingrx.pl";"7lBx3oBn]3"
1901;"9068345476@eparkingrx.pl";"1\FdEt>a8>"
1902;"9280126567@eparkingrx.pl";"V@qBwqoo0["
1903;"8728756484@eparkingrx.pl";"7\RTH:Bs>W"
1904;"8873165718@eparkingrx.pl";"Fl24wPcC[V"
1905;"9678670555@eparkingrx.pl";"`vp:s]Whh/"
1906;"8390617424@eparkingrx.pl";"MpJBL>VsgK"
1907;"9623296873@eparkingrx.pl";"kNm27Uw??;"
1908;"9251190818@eparkingrx.pl";"W[A;j\Ay?g"
1909;"9926412291@eparkingrx.pl";"SEvuLekh_A"
1910;"8778926790@eparkingrx.pl";"Y@=]M3JFxU"
1911;"8885879369@eparkingrx.pl";"kQ[Xo0bw0q"
1912;"9422770085@eparkingrx.pl";"AZaV4;VUsc"
1913;"9158625397@eparkingrx.pl";"6ieVX5M:2v"
1914;"9206275631@eparkingrx.pl";"SPK86fFzMl"
1915;"9531103737@eparkingrx.pl";":>2CwCkiO2"
1916;"8029753373@eparkingrx.pl";"[w4>\:9yX3"
1917;"9962841351@eparkingrx.pl";"=/l=At<xo/"
1918;"8688496128@eparkingrx.pl";"L>9Q[i:x10"
1919;"8762385253@eparkingrx.pl";"qI=>0;_8Fp"
1920;"8402196473@eparkingrx.pl";"R_\9agRD0>"
1921;"9504243041@eparkingrx.pl";"r7iatWvKAI"
1922;"8979293152@eparkingrx.pl";"j<FplVQK<_"
1923;"8372433534@eparkingrx.pl";"a]A5`44mZ4"
1924;"8938107937@eparkingrx.pl";"Mx?4rGG\8f"
1925;"9376356086@eparkingrx.pl";"9x9nOT\BdT"
1926;"8263424672@eparkingrx.pl";"SBF9IRhs62"
1927;"8695845603@eparkingrx.pl";"Z80Xw7VqNx"
1928;"8078130427@eparkingrx.pl";"nO3iSO1fyG"
1929;"8345306456@eparkingrx.pl";"[DS<GZ\Ocl"
1930;"9904114466@eparkingrx.pl";"YMqTj_AZK<"
1931;"9581730386@eparkingrx.pl";"s[TSFKNeZO"
1932;"8692415422@eparkingrx.pl";"1:gD905:JC"
1933;"8728136198@eparkingrx.pl";"5cED3@?6^j"
1934;"9004673839@eparkingrx.pl";":gZPxWbFH\"
1935;"8442616360@eparkingrx.pl";"`Sd_P]=?qA"
1936;"8329487057@eparkingrx.pl";"8KZrg<O^7j"
1937;"8477291167@eparkingrx.pl";"gQlAjx162v"
1938;"9935534476@eparkingrx.pl";"uu/JP/0gb]"
1939;"9333455913@eparkingrx.pl";">T_tQ3jxgb"
1940;"9865901377@eparkingrx.pl";"PZI@YC]@V]"
1941;"8840041013@eparkingrx.pl";"Gf[Xt2Dkjd"
1942;"8887259068@eparkingrx.pl";"5xRRjlViN1"
1943;"8236320503@eparkingrx.pl";"evr9^E<OVN"
1944;"8404512498@eparkingrx.pl";"]]?1[k75JV"
1945;"9214789324@eparkingrx.pl";"5IazwLmYjo"
1946;"8366860584@eparkingrx.pl";"UEgKE6MpTM"
1947;"9472415755@eparkingrx.pl";"wFfeNQH3Va"
1948;"8643548566@eparkingrx.pl";"^]:Fv>?Hdw"
1949;"8322460819@eparkingrx.pl";"nP@UGUmOUB"
1950;"8772014156@eparkingrx.pl";"eBiRGckFGU"
1951;"8225601077@eparkingrx.pl";"1L56`u<T1Z"
1952;"8493771398@eparkingrx.pl";"YNh8R08Cvq"
1953;"9041663373@eparkingrx.pl";"k\E;UqhI?A"
1954;"9045445657@eparkingrx.pl";"ZBpvh0=Ot:"
1955;"8623733627@eparkingrx.pl";"F]^`K?Sz2z"
1956;"8498041377@eparkingrx.pl";"EIzZn[okVo"
1957;"8552608252@eparkingrx.pl";"92awSrmO;/"
1958;"8751224902@eparkingrx.pl";"Z^zRm<LUUS"
1959;"9086667570@eparkingrx.pl";"N6Parl8wYX"
1960;"8865820798@eparkingrx.pl";"Frc3OmH@yH"
1961;"9250241361@eparkingrx.pl";"YPzg2^NrDA"
1962;"9807119778@eparkingrx.pl";"I<Ez8m2bd;"
1963;"9401159346@eparkingrx.pl";"t;89\6f^>G"
1964;"8409504747@eparkingrx.pl";"MBXmnWT3ZH"
1965;"9534374737@eparkingrx.pl";"e:iCDE8:XH"
1966;"8550914636@eparkingrx.pl";"q4nC0TQC5z"
1967;"8637562929@eparkingrx.pl";"kxeO=[L<za"
1968;"8958308042@eparkingrx.pl";"al54ADvC<:"
1969;"9381038867@eparkingrx.pl";"sk3y[?;K;s"
1970;"9432466439@eparkingrx.pl";"9=nJ;U5r@="
1971;"8671389225@eparkingrx.pl";"k7]e<2kZ4X"
1972;"9878039525@eparkingrx.pl";":WmV?7ks8a"
1973;"9903210071@eparkingrx.pl";"MvRJMxKE?h"
1974;"9944944856@eparkingrx.pl";"D9v2tZro?]"
1975;"8756592281@eparkingrx.pl";"Vl?@P3Hcsn"
1976;"8318626438@eparkingrx.pl";"o`wzBb5b;T"
1977;"8691138397@eparkingrx.pl";"urdBtbd7YZ"
1978;"8974630878@eparkingrx.pl";"^dEEEdqH/7"
1979;"8732959177@eparkingrx.pl";"?KBKfp@hT4"
1980;"9295074070@eparkingrx.pl";"aIF18JKYr^"
1981;"8269752879@eparkingrx.pl";"2hR8EfuxD@"
1982;"9878773250@eparkingrx.pl";"hLup@=V^FL"
1983;"9827141864@eparkingrx.pl";"Da8O;w>s\Y"
1984;"8871935267@eparkingrx.pl";"T;Rlb_@I6>"
1985;"8605409862@eparkingrx.pl";"C4tefbzneh"
1986;"8647572012@eparkingrx.pl";"qUFMie:0]6"
1987;"8139674795@eparkingrx.pl";"lB1VITEfhh"
1988;"9041718654@eparkingrx.pl";"]R>wp6h4>3"
1989;"9486780016@eparkingrx.pl";"<MQGBC`c2D"
1990;"9342699047@eparkingrx.pl";"r?6Icby_rk"
1991;"9465524533@eparkingrx.pl";"/GUHQkE98H"
1992;"8313851954@eparkingrx.pl";"oj=s<9INkt"
1993;"9994969082@eparkingrx.pl";"VG3k^UqZdn"
1994;"8721632144@eparkingrx.pl";"IqTUeyHxmB"
1995;"8205995578@eparkingrx.pl";":=n;Sa@9oo"
1996;"8597646675@eparkingrx.pl";"PUabfMlWe5"
1997;"9502398191@eparkingrx.pl";"4bh\jt:Z>G"
1998;"9376228330@eparkingrx.pl";"@wktoDzG=d"
1999;"9392556948@eparkingrx.pl";"v`?8V>^s?T"
2000;"9205186434@eparkingrx.pl";"idtaC8j^w6"
